tier	id	title	md_source	md_source_id	summary_len	cover_real	n_authors	n_genres	n_synonyms	n_gallery	n_volumes	n_chapters	n_readable	average_score	title_in_synonyms
C_GENERIC	2089	1-nichi Go ni Shinu Gorilla	anilist	129574	66	t	1	4	3	2	78	3	0	83	t
A_CORRECT	2389	100 Ghost Stories That Will Lead to My Own Death	anilist	138347	697	t	1	7	9	0	0	100	0	73	t
A_CORRECT	4640	20th Century Boys	anilist	30003	831	t	1	8	8	15	29	249	0	88	t
A_CORRECT	3722	7 Seeds	anilist	31075	1018	t	1	11	4	2	36	180	0	81	t
A_CORRECT	2350	7th Time Loop: The Villainess Enjoys a Carefree Life Married to Her Worst Enemy!	anilist	200957	300	t	1	3	3	42	9	53	0	79	f
A_CORRECT	2474	8-kagetsu no Tenshi: Hajimete Mama ni Nareta Hi	anilist	209569	551	t	1	3	2	0	0	2	0		t
A_CORRECT	4055	A Certain Magical Index SS	anilist	61651	504	t	1	9	6	31	31	26	0	75	t
A_CORRECT	2012	A Tail's Tale	anilist	107230	337	t	1	8	7	0	4	24	0	74	t
A_CORRECT	2511	AYAKA is in LOVE with HIROKO!	anilist	120649	328	t	1	5	6	0	3	24	0	73	t
A_CORRECT	2453	Adopted Daughter	anilist	159165	168	t	1	5	7	22	21	162	0	65	f
D_NO_METADATA	1707	Aggretsuko Manga			0	f	1	1	2	16	6	54	0		f
A_CORRECT	2538	Ahiru no Sora	anilist	33367	370	t	1	5	7	264	51	307	0	76	t
A_CORRECT	2489	Ai.	anilist	56142	263	t	1	6	4	0	17	153	0		t
A_CORRECT	2247	Akagi: Yami ni Oritatta Tensai	anilist	31218	889	t	1	5	4	0	36	306	0	83	t
A_CORRECT	2159	Akame ga Kill!	anilist	55132	675	t	1	10	6	91	19	83	0	74	t
C_NO_SUMMARY	1787	Akibiyori	anilist	209652	0	t	1	4	2	0	0	1	0		t
A_CORRECT	4820	Akira	anilist	30664	540	t	1	10	4	40	40	120	0	84	t
C_NO_SUMMARY	2253	Akuma to Boku no Koufukuron	anilist	210394	0	t	1	4	2	6	6	46	0		t
A_CORRECT	2216	Akumetsu	anilist	31101	440	t	1	7	2	56	19	171	0	78	t
A_CORRECT	2585	Akuyaku Seijo no Yarinaoshi: Enzai de Shokei sareta Seijo wa Oshi no Eiyuu wo Sukuu Tame ni Gaman wo Yamemasu	anilist	199738	433	t	2	3	2	0	5	16	0		t
A_CORRECT	1880	Albus Changes the World	anilist	180511	691	t	1	4	4	0	9	71	0	73	t
A_CORRECT	1704	Alfheim no Kishi	anilist	67789	1202	t	1	8	9	0	54	238	0	68	t
A_CORRECT	4448	An Archdemon's Dilemma: How to Love Your Elf Bride	anilist	101722	756	t	2	7	11	3	22	107	0	74	t
A_CORRECT	2345	Ane no Shinyuu, Watashi no Koibito.	anilist	136609	251	t	1	6	5	0	4	27	0	74	t
A_CORRECT	2357	Ane no Tomodachi	anilist	174315	291	t	1	4	3	0	28	189	0	74	f
A_CORRECT	2609	Anne Happy	anilist	86325	524	t	1	4	4	0	10	71	0	65	f
A_CORRECT	2333	Ano Koro no Aoi Hoshi	anilist	127894	243	t	1	7	4	0	30	10	0	76	t
C_NO_SUMMARY	2370	Ano ne, Micchan	anilist	210372	0	t	1	3	2	2	6	6	0		t
A_CORRECT	2384	Anta to Osananajimitte dake demo Iyananoni!: Zekkou kara Hajimaru S-kyuu Bishoujo to no Gakuen Nariagari Seikatsu	anilist	152913	625	t	2	6	5	0	1	5	0	66	t
A_CORRECT	4341	Apocalypse no Toride	anilist	69139	675	t	1	8	4	56	11	52	0	71	t
A_CORRECT	4052	Aposimz	anilist	98354	444	t	1	10	7	18	9	54	0	70	t
A_CORRECT	2251	Asahina Wakaba & Her Chubby-Chubby Boyfriend	anilist	113701	294	t	2	6	4	2	3	18	0	73	t
A_CORRECT	1734	Ascendance of a Bookworm: Royal Academy Stories - First Year	anilist	110803	848	t	1	4	5	45	2	43	0	82	t
A_CORRECT	2018	Assault Lily Last Bullet: Secret Garden - Dreamy Memoria	anilist	162196	88	t	4	5	2	0	0	3	0		t
A_CORRECT	2276	Asshou	anilist	111913	196	t	1	7	2	42	20	202	0	42	t
A_CORRECT	2139	Asu no Yoichi	anilist	33214	402	t	1	7	5	0	15	58	0	67	f
A_CORRECT	4633	Attack on Titan	anilist	53390	615	t	1	10	24	187	76	144	0	84	t
A_CORRECT	464	Attack on Titan - Before the Fall	anilist	85312	584	t	2	8	8	162	35	141	17	71	f
A_CORRECT	465	Attack on Titan - Cost of Freedom	anilist	53390	615	t	1	10	24	185	35	143	1	84	f
A_CORRECT	466	Attack on Titan - Lost Girls	anilist	95409	267	t	2	8	6	3	3	10	2	73	f
A_CORRECT	467	Attack on Titan - No Regrets	anilist	85199	590	t	3	10	12	14	4	14	0	79	f
A_CORRECT	468	Attack on Titan - No Requiem	anilist	85199	590	t	3	10	12	13	6	12	3	79	f
A_CORRECT	469	Attack on Titan - Operation Usurper	anilist	53390	615	t	1	10	24	46	35	143	9	84	f
A_CORRECT	470	Attack on Titan - Project Ouroboros	anilist	53390	615	t	1	10	24	46	35	143	6	84	f
A_CORRECT	2330	Attack on Titan: Before the Fall	anilist	85312	584	t	2	8	8	161	34	141	0	71	t
A_CORRECT	4347	Attack on Titan: Lost Girls	anilist	95409	267	t	2	8	6	144	34	139	0	73	t
A_CORRECT	2052	Attack on Titan: No Regrets	anilist	85199	590	t	3	7	12	144	35	141	0	79	t
A_CORRECT	1867	Ayashimon	anilist	141261	124	t	1	5	5	28	3	25	0	63	t
A_CORRECT	2501	Bacchus	anilist	210280	641	t	1	6	7	0	5	45	0		t
A_CORRECT	1837	Bacouple	anilist	110926	289	t	1	4	6	0	1	12	0	65	t
A_CORRECT	2344	Bad Boys	anilist	59911	196	t	1	6	7	15	72	169	0	67	t
A_CORRECT	2466	Bakuon Rettou	anilist	40443	397	t	1	7	5	0	18	105	0	82	t
A_CORRECT	2332	Bamboo Blade	anilist	30720	992	t	1	5	4	1	21	107	0	69	t
D_NO_METADATA	3735	Banana Fish Garden of Light			0	f	1	7	3	53	19	171	0	85	f
A_CORRECT	2136	Banished from the Hero's Party	anilist	133019	642	t	2	7	6	0	33	63	0	62	f
C_NO_SUMMARY	2314	Barber Harbor	anilist	114512	0	t	1	3	2	2	7	162	0		t
A_CORRECT	2188	Barefoot Gen	anilist	33281	1321	t	1	8	14	0	10	54	0	78	t
D_NO_METADATA	3752	Bastard 2nd Heaven			0	f	1	10	13	55	3	55	0	75	f
A_CORRECT	1678	Bastard Dark Schneider	anilist	30611	493	t	1	5	5	82	28	72	0	70	f
A_CORRECT	1664	Bayonetta Manga	anilist	89812	80	t	1	10	2	1	1	2	0	69	f
A_CORRECT	2439	Beast Master	anilist	33633	579	t	1	5	6	3	6	55	0	71	t
A_CORRECT	2161	Beelzebub	anilist	40010	509	t	1	6	3	258	29	253	0	78	t
A_CORRECT	4641	Berserk	anilist	30002	1140	t	2	10	14	430	44	460	15	92	t
A_CORRECT	2233	Big Wing	anilist	179010	154	t	1	3	2	13	19	135	0		t
A_CORRECT	2532	Big X	anilist	52196	1179	t	1	4	4	0	4	21	0	70	t
C_GENERIC	2620	Bitch x Traitor	anilist	210279	40	t	1	3	3	411	1	7	0		t
A_CORRECT	4049	Bitter Virgin	anilist	31162	794	t	1	6	2	23	23	32	0	73	t
A_CORRECT	4818	Black Clover	anilist	86123	247	t	1	7	4	445	37	392	0	77	t
A_CORRECT	2607	Black Paradox	anilist	50375	262	t	1	8	5	0	1	8	0	70	t
A_CORRECT	4648	Blame!	anilist	30149	727	t	1	10	7	19	11	39	0	81	t
A_CORRECT	4638	Bleach	anilist	30012	860	t	1	6	7	744	75	781	756	79	t
A_CORRECT	1912	Blood Lad	anilist	51614	717	t	1	7	7	0	19	93	0	72	t
C_NO_SUMMARY	2164	Blood Link	anilist	92474	0	t	1	7	3	164	37	252	0	76	f
A_CORRECT	473	Blue Exorcist	anilist	43492	595	t	1	7	7	215	35	176	157	76	t
A_CORRECT	2147	Blue Flag	anilist	98334	433	t	1	5	5	8	23	54	0	80	t
A_CORRECT	2507	Blue Jean	anilist	209576	415	t	1	4	2	5	100	37	0		t
A_CORRECT	2382	Boarding School Juliet	anilist	86279	611	t	1	6	8	136	17	122	0	81	t
A_CORRECT	2295	Bobobo-bo Bo-bobo	anilist	31505	637	t	1	5	4	1	28	234	0	70	t
C_NO_SUMMARY	2255	Boku no Niina	anilist	210381	0	t	1	5	3	2	2	25	0	63	t
A_CORRECT	1716	Boku to Sensei	anilist	190305	784	t	1	5	25	2	19	25	0	64	t
A_CORRECT	2181	Bonbonzaka Koukou Engekibu	anilist	37446	404	t	1	4	2	0	12	142	0		t
A_CORRECT	3729	Break☆Cafe	anilist	47420	301	t	1	2	5	1	1	191	0	64	t
A_CORRECT	2512	Buddha	anilist	31111	1035	t	1	9	5	0	14	76	0	82	t
A_CORRECT	4342	Bungo Stray Dogs	anilist	85307	315	t	1	5	11	155	59	169	0	84	t
A_CORRECT	2619	Buster Keel	anilist	41027	772	t	1	7	2	0	12	48	0	58	f
A_CORRECT	1960	COSMOS	anilist	162799	619	t	1	6	4	0	62	558	0	72	t
A_CORRECT	474	Call of the Night	anilist	111233	829	t	1	8	11	142	21	206	99	81	t
A_CORRECT	1998	Canariatachi no Fune	anilist	97472	447	t	1	5	5	0	1	6	0	63	t
A_CORRECT	3741	Canis: Dear Hatter	anilist	114330	512	t	1	7	4	2	2	16	0	76	t
A_CORRECT	3719	Cantarella	anilist	30984	588	t	1	8	2	7	12	49	0	62	t
A_CORRECT	2212	Case Closed	anilist	31061	685	t	1	7	9	25	108	1106	0	82	t
A_CORRECT	2231	Ceres Celestial Legend	anilist	30083	783	t	1	10	4	0	14	83	0	69	f
A_CORRECT	4644	Chainsaw Man	anilist	105778	690	t	1	10	11	263	25	238	0	85	t
A_CORRECT	476	Chainsaw Man - Color	anilist	105778	690	t	1	10	11	118	25	233	0	85	f
A_CORRECT	1648	Chainsaw Man Buddy Stories	anilist	138829	425	t	2	6	3	257	24	232	0	75	f
A_CORRECT	4344	Chameleon	anilist	49640	233	t	1	5	4	5	47	430	0	67	t
A_CORRECT	3714	Cheat Mode Farming in Another World	anilist	137901	546	t	2	8	4	11	9	81	0	66	t
A_CORRECT	2580	Chi's Sweet Home	anilist	31397	558	t	1	3	12	0	12	228	0	76	t
A_CORRECT	2539	Chibi Maruko-chan	anilist	45530	673	t	2	4	4	0	15	120	0	67	t
A_CORRECT	2361	Chobits	anilist	30107	571	t	1	8	5	96	9	88	0	75	t
C_GENERIC	4027	Chou Reviewer Bono-chan	anilist	210100	51	t	1	4	2	0	0	1	0	60	t
A_CORRECT	4038	Chrome Shelled Regios	anilist	37533	429	t	1	7	4	0	25	157	0	63	t
A_CORRECT	4828	Chronicles of an Aristocrat Reborn in Another World	anilist	103238	573	t	2	6	4	18	21	79	0	68	t
A_CORRECT	2616	Classroom of the Elite	anilist	94970	585	t	1	8	7	12	54	112	0	85	t
A_CORRECT	4656	Claymore	anilist	30583	399	t	1	8	4	86	28	163	0	81	t
C_GENERIC	477	Code Geass - Lelouch of the Re;surrection	anilist	116767	74	t	2	5	3	9	8	72	0	64	f
A_CORRECT	478	Code Geass - Lelouch of the Rebellion	anilist	31528	1001	t	2	8	4	9	9	41	0	73	f
A_CORRECT	479	Code Geass - Lelouch of the Rebellion Re;	anilist	126416	817	t	3	8	3	9	9	26	4	71	f
A_CORRECT	480	Code Geass - Nightmare of Nunnally	anilist	31547	287	t	2	6	5	34	8	26	0	64	f
A_CORRECT	481	Code Geass - Oz the Reflection	anilist	72381	666	t	1	7	3	32	8	24	0	58	f
A_CORRECT	482	Code Geass - Oz the Reflection O2	anilist	141972	157	t	1	7	3	29	9	20	0	63	f
A_CORRECT	483	Code Geass - Shikkoku no Renya	anilist	47311	560	t	1	6	4	9	8	40	0	60	f
A_CORRECT	484	Code Geass - Suzaku of the Counterattack	anilist	31530	1101	t	2	7	4	9	8	8	0	57	f
A_CORRECT	1843	Code Geass: Suzaku of the Counterattack	anilist	31530	1101	t	2	7	4	0	2	8	0	57	t
A_CORRECT	4351	Combatants Will Be Dispatched!	anilist	101808	640	t	2	8	4	14	19	84	0	70	t
A_CORRECT	1823	Cooking Master Boy	anilist	30944	1146	t	1	5	3	1	6	35	0	64	t
A_CORRECT	2227	Coyote	anilist	98447	1393	t	1	4	3	2	16	5	0	52	t
A_CORRECT	2625	Cross Manage	anilist	72695	242	t	1	7	3	0	5	44	0	69	t
A_CORRECT	3747	Crow Hill: Don’t Be Shy!!	anilist	109064	511	t	1	3	6	14	7	12	0	78	t
A_CORRECT	3734	Curtain Call	anilist	146779	206	t	1	3	2	2	26	157	0	65	f
A_CORRECT	4838	DARLING in the FRANXX	anilist	100937	978	t	1	9	3	25	9	60	0	71	t
A_CORRECT	4434	Dai Dark	anilist	105263	546	t	1	7	4	37	10	68	0	77	t
A_CORRECT	1982	Daimos	anilist	105142	325	t	1	3	5	0	6	27	0	71	f
C_GENERIC	2498	Dakikata wa Kore de Attemasu ka?	anilist	209977	40	t	1	3	4	0	0	8	0		t
A_CORRECT	485	Dandadan	anilist	132029	591	t	1	12	6	255	43	255	60	82	t
A_CORRECT	1908	Dangan Honey	anilist	79639	314	t	1	4	2	0	3	12	0	59	t
A_CORRECT	4830	Dark Summoner to Dekiteiru	anilist	157391	372	t	1	7	3	5	8	94	0	67	t
A_CORRECT	4836	Dawn of the Arcana	anilist	41896	468	t	1	8	8	13	14	70	0	73	t
A_CORRECT	1483	Deadman Wonderland	anilist	33986	379	t	2	8	4	60	13	58	0	74	t
A_CORRECT	4658	Death Note	anilist	30021	460	t	1	7	11	133	13	126	120	84	t
A_CORRECT	1988	Dekoboko Sugar Days	anilist	110281	532	t	1	5	4	8	15	8	0	75	t
A_CORRECT	4654	Demon Slayer: Kimetsu no Yaiba	anilist	87216	649	t	1	8	17	45	24	213	0	79	t
A_CORRECT	2009	Devil Children White	anilist	35443	704	t	1	3	1	6	6	54	0		f
A_CORRECT	1835	Devil May Cry 5: Visions of V	anilist	108427	316	t	2	5	2	0	5	36	0	79	t
A_CORRECT	2442	Devil Survivor 2	anilist	76874	230	t	3	7	2	0	4	29	0	60	f
A_CORRECT	4821	Devilman	anilist	31474	504	t	1	11	6	5	5	53	0	80	t
A_CORRECT	1911	Devilman Saga	anilist	86157	215	t	1	7	2	136	97	116	0	54	t
A_CORRECT	2154	Doctor K	anilist	55800	323	t	1	7	3	0	6	91	0		t
A_CORRECT	2273	Dolly Kill Kill	anilist	85506	514	t	1	6	4	11	11	133	0	66	t
A_CORRECT	2213	Domestic Girlfriend	anilist	85802	470	t	1	8	8	53	28	305	0	68	t
A_CORRECT	4041	Doraemon	anilist	31032	303	t	1	6	2	3	1302	872	0	80	t
A_CORRECT	2105	Dorei Tensei: Sono Dorei Saikyou no Moto Ouji ni Tsuki	anilist	124941	364	t	2	6	2	29	14	117	0	65	t
A_CORRECT	4634	Dorohedoro	anilist	31133	717	t	1	11	6	198	24	239	0	86	t
A_CORRECT	4034	Doron Dororon	anilist	141262	521	t	1	7	4	42	5	39	0	56	t
A_CORRECT	1495	Dr. Stone	anilist	98416	562	t	1	6	3	275	27	243	0	81	t
A_CORRECT	4636	Dragon Ball	anilist	30042	596	t	1	8	12	59	43	529	1	83	t
A_CORRECT	2158	Dragon Ball GT	anilist	30042	596	t	1	8	12	32	42	520	0	83	f
A_CORRECT	4652	Dragon Ball Super	anilist	86508	634	t	2	7	5	43	29	531	0	72	t
A_CORRECT	4439	Duke Pendragon: Master of the White Dragon	anilist	143025	522	t	2	8	7	2	2	131	0	73	t
A_CORRECT	2397	Edens Bowy	anilist	34610	458	t	1	9	5	0	33	153	0	71	t
A_CORRECT	1876	Eleven	anilist	57171	87	t	1	2	2	0	43	208	0		t
A_CORRECT	2642	Enzai Reijou wa Shinjitai: Ginpatsu no Fukitsu to Iwarete Konyaku Haki sareta Shishaku Reijou wa Ansatsu Kizoku ni Dekiai sarete Daini no Jinsei wo Tannou suru You desu	anilist	198259	386	t	2	2	2	18	6	57	0		t
A_CORRECT	1834	Eroko-san on the Attack	anilist	116180	574	t	1	7	4	3	10	63	0	68	t
A_CORRECT	2593	Escape	anilist	33434	262	t	1	3	3	2	6	1	0	55	t
A_CORRECT	3736	Even If You Slit My Mouth	anilist	125624	343	t	1	7	5	12	12	91	0	76	t
A_CORRECT	1893	Even Though We’re Adults	anilist	105675	436	t	1	5	8	0	10	50	0	74	t
A_CORRECT	2390	Every Day Is a Good Day	anilist	128061	411	t	1	4	3	0	0	5	0	74	t
A_CORRECT	2146	Failed Princesses	anilist	103845	494	t	1	8	6	8	6	41	0	74	t
A_CORRECT	4657	Fairy Tail	anilist	30598	526	t	1	7	6	624	64	558	0	70	t
A_CORRECT	2626	Fate/kaleid liner Prisma ☆ Illya Drei 3!!	anilist	66131	258	t	2	7	6	121	27	108	0	81	t
A_CORRECT	3737	Final Fantasy Lost Stranger	anilist	102232	545	t	1	6	3	13	13	108	0	72	t
A_CORRECT	4642	Fire Force	anilist	86310	716	t	1	10	11	326	35	336	297	78	t
A_CORRECT	4643	Fire Punch	anilist	87170	333	t	1	11	4	98	8	83	0	79	t
A_CORRECT	2322	Flunk Punk Rumble	anilist	33537	458	t	1	7	10	0	23	219	0	73	t
A_CORRECT	2517	From Betrayed Hero to Invincible Demon King	anilist	111089	481	t	1	5	4	0	1	50	0	59	t
A_CORRECT	1484	Fruits Basket	anilist	30102	614	t	1	7	8	159	27	137	0	85	t
A_CORRECT	4637	Fullmetal Alchemist	anilist	34658	805	t	1	10	6	135	28	124	0	77	t
A_CORRECT	1666	Futanarikko Lovers	anilist	68323	154	t	9	4	4	96	17	190	0		t
A_CORRECT	4358	GIGANT	anilist	137873	522	t	2	8	2	11	5	47	0	57	f
A_CORRECT	2298	GREEN BLOOD	anilist	66099	1136	t	1	8	4	49	5	49	0	74	t
A_CORRECT	4839	Gachiakuta	anilist	144946	526	t	1	5	4	184	19	171	0	81	t
A_MATCHED_SPARSE	2197	Gakkou Ichi no Bishoujo to Shinyuu Doushi no Renai Soudan ni Notteitara, Itsunomanika Kanojo ga Dare yori mo Chikai Sonzai ni natteta Ken	anilist	182443	870	t	1	5	3	0	0	0	0	69	t
A_CORRECT	2463	Gal ni Koisuru 5-byou Mae Anthology Comic	anilist	163336	804	t	6	4	2	0	2	6	0		t
A_CORRECT	2263	Galaxy Express 999	anilist	30776	413	t	1	8	7	0	14	121	0	72	t
A_CORRECT	2401	Gangsta	anilist	54903	591	t	1	6	5	52	13	65	0	78	f
A_CORRECT	4825	Gangsta.	anilist	54903	591	t	1	6	5	53	13	56	0	78	t
A_CORRECT	490	Gantz	anilist	30564	284	t	1	13	5	406	47	390	32	77	t
A_CORRECT	2484	Gekitou!! Arawashi Koukou Golf Bu	anilist	178865	715	t	1	3	2	0	0	144	0		t
A_CORRECT	3738	Gendai Juukyouden	anilist	152903	894	t	1	3	2	0	0	150	0	63	t
A_CORRECT	2564	Getter Robo Go	anilist	40447	509	t	1	7	3	0	7	28	0	79	t
A_CORRECT	2600	Giant Robo The Day the Earth Stood Still	anilist	34538	212	t	2	10	4	7	9	53	0	65	f
A_CORRECT	2293	Gin to Kin	anilist	33569	137	t	1	4	4	0	11	108	0	75	t
A_CORRECT	4650	Gintama	anilist	30044	590	t	1	6	8	24	78	721	0	86	t
D_NO_METADATA	1777	Gintama Gaiden			0	f	1	3	1	3	72	79	0	69	f
A_CORRECT	2110	Given	anilist	87347	451	t	1	7	5	32	10	66	0	84	t
A_CORRECT	4441	Go! Go! Loser Ranger!	anilist	127564	542	t	1	5	6	228	22	212	0	73	t
A_CORRECT	4815	Golden Kamuy	anilist	86559	848	t	1	8	6	368	32	321	0	86	t
A_CORRECT	2310	Goodbye My Idol	anilist	203783	361	t	1	7	4	1	42	25	0		t
A_CORRECT	491	Goodnight Punpun	anilist	34632	282	t	1	9	17	20	13	147	127	88	t
A_CORRECT	2079	Gosick	anilist	31313	985	t	1	6	3	0	10	28	0	76	t
C_NO_SUMMARY	2002	Goth na Joshi to Loli Danshi	anilist	181116	0	t	1	4	3	5	5	110	0	61	t
A_CORRECT	1485	Grand Blue Dreaming	anilist	87395	392	t	1	9	6	135	27	118	0	88	t
A_CORRECT	2149	Gushing over Magical Girls	anilist	109017	425	t	1	9	8	0	12	95	0	77	t
A_CORRECT	3713	Haiboku Otome Ecstasy SP	anilist	175252	10838	t	23	7	23	7	7	146	0	61	t
A_CORRECT	4819	Haikyu!!	anilist	65243	518	t	1	6	8	201	46	419	0	89	t
A_CORRECT	2107	Hajimete Mama ni Naru Anatahe: 8% no Kiseki	anilist	209582	577	t	7	3	2	0	0	6	0		t
A_CORRECT	2334	Hakanai Kimi wa Moukou wo Hajimeru	anilist	132332	120	t	1	4	3	4	103	36	0	76	t
A_CORRECT	3709	Hakuryuu Legend	anilist	75561	550	t	1	3	3	10	10	414	0	64	t
A_CORRECT	2119	Hana & Hina After School	anilist	86382	618	t	1	7	4	5	3	19	0	74	t
A_CORRECT	2624	Hand in Hand	anilist	96723	1001	t	1	2	4	0	3	6	0	68	t
A_CORRECT	4359	Harukawa-san wa Kyou mo Uete Iru	anilist	112016	218	t	1	4	4	2	3	34	0	65	t
A_CORRECT	2383	Hatsu*Haru	anilist	85353	485	t	1	6	3	13	13	54	0	73	t
A_CORRECT	3743	Hatsukoi Losstime	anilist	111601	600	t	2	7	6	2	2	9	0	75	t
A_MATCHED_SPARSE	1877	Hatsunagi Himerium	anilist	210062	207	t	1	6	2	0	0	0	0	66	t
A_CORRECT	2412	Haunted Peak	anilist	209863	360	t	1	3	3	0	3	27	0	56	t
A_CORRECT	2499	He Craves to be Teased by His Favorite ASMR Streamer	anilist	157480	828	t	1	3	5	3	3	27	0	66	t
A_CORRECT	1711	Heart Hybrid Gear	anilist	95197	674	t	1	6	2	7	7	53	0	60	f
A_CORRECT	2327	Hello Harinezumi	anilist	38846	480	t	1	3	4	20	20	237	0	72	t
A_CORRECT	2509	Hello, Melancholic!	anilist	109661	628	t	1	7	4	18	10	91	0	75	t
A_CORRECT	2630	Heroic Age	anilist	53222	833	t	1	7	3	0	1	15	0		t
A_CORRECT	2218	Hetalia World Cooking	anilist	87123	151	t	1	1	0	2	1	9	0	68	f
C_NO_SUMMARY	1715	Hi no Kuni, Kaze no Kuni Monogatari	anilist	88569	0	t	1	7	2	1	15	137	0		t
A_CORRECT	2143	Hibari no Asa	anilist	76814	504	t	1	6	4	0	2	14	0	78	t
A_CORRECT	2572	Hidamari Sketch	anilist	31362	566	t	1	5	4	0	11	90	0	79	t
A_CORRECT	2179	Hidamari Sketch x365	anilist	31362	566	t	1	2	1	2	2	22	0	79	f
A_CORRECT	2486	High Teen Boogie	anilist	121620	492	t	1	3	2	0	26	212	0	57	t
A_CORRECT	2358	Higurashi no Naku Koro ni Kai - Dai 4-wa: Matsuribayashi-hen	anilist	92546	419	t	1	7	3	0	4	7	0	70	t
A_CORRECT	2380	Hikari no Sora	anilist	174781	260	t	1	3	2	0	1	294	0		f
A_CORRECT	1979	Himawari-san	anilist	53239	217	t	1	5	2	0	13	109	0	73	t
C_GENERIC	2403	Hiru to Yoru to Kimi ni Au	anilist	209934	40	t	1	3	2	82	30	37	0		t
A_CORRECT	2369	Hito Hitori Futari	anilist	67915	984	t	1	5	4	0	8	84	0	72	t
A_CORRECT	1881	Hoankan Evans no Uso: Dead or Love	anilist	99365	156	t	1	5	5	8	20	241	0	73	t
C_GENERIC	4357	Hon wo Okuru	anilist	162237	62	t	1	3	4	1	1	1	0	65	t
A_CORRECT	2371	Honey Lemon Soda	anilist	96767	441	t	1	5	4	30	31	124	0	76	t
C_NO_SUMMARY	2317	Horeppo Shinme no Shitsukekata	anilist	209936	0	t	1	4	2	6	11	5	0		t
A_CORRECT	2443	Horimiya	anilist	72451	688	t	1	5	7	136	18	156	0	82	t
A_CORRECT	1778	Hotarubi no Mori e	anilist	33282	1871	t	1	8	5	0	1	4	0	74	t
A_CORRECT	2174	Hourou Musuko	anilist	30585	320	t	1	7	4	0	15	191	0	79	t
A_CORRECT	4435	House of the Sun	anilist	56736	478	t	1	6	12	84	14	71	0	79	t
A_CORRECT	4054	Houshin Shinai Engi	anilist	96730	232	t	1	5	5	23	23	53	0	66	t
A_CORRECT	492	Hunter x Hunter	anilist	30026	595	t	1	12	7	480	40	416	405	88	t
A_CORRECT	4646	Hunter × Hunter	anilist	30026	595	t	1	12	7	76	40	416	0	88	f
A_CORRECT	2132	I Don't Want to Be Killed by You, My Crown Prince!	anilist	155341	614	t	2	4	4	0	7	30	0	60	t
A_CORRECT	4841	I Don’t Know Which is Love	anilist	137303	252	t	1	6	4	5	8	60	0	68	t
A_CORRECT	3715	I Hear the Sunspot: Four Seasons	anilist	130867	550	t	1	6	6	2	8	32	0	78	t
A_CORRECT	2372	I My Me	anilist	85532	246	t	1	4	3	0	0	140	0		t
D_NO_METADATA	2639	I Returned as an FFF Class Witch Doctor 2			0	f	2	5	4	14	5	112	0	63	f
A_CORRECT	3742	I Seriously Can't Believe You...	anilist	108770	744	t	1	4	3	4	6	24	0	72	t
A_CORRECT	2303	I Think Our Son Is Gay	anilist	110439	859	t	1	4	12	0	5	104	0	77	t
A_CORRECT	2324	IS Infinite Stratos	anilist	53868	1023	t	2	9	2	16	16	26	0	61	f
A_CORRECT	1832	Ichi the Witch	anilist	180752	454	t	1	6	7	87	8	79	0	79	t
A_CORRECT	2579	Ichinichi Goto ni Dere ga Fueteku Tsuntsuntsuntsuntsundere-chan	anilist	152855	212	t	1	7	6	38	8	418	0	73	t
A_CORRECT	2596	Iki Okure Reijou ga Ryouchi Keiei ni Honsou Shiteitara Tatena Oshi Kou ni Aisaremashita	anilist	201991	658	t	2	4	2	0	2	14	0		t
A_CORRECT	2313	Imaizumi Brings All The Gyarus To His House	anilist	123760	243	t	1	8	5	0	9	30	0	78	t
A_CORRECT	2292	Imasara desu ga, Osananajimi wo Suki ni Natte Shimaimashita	anilist	172369	625	t	1	4	6	0	2	6	0	64	t
A_CORRECT	1874	Immortal Rain	anilist	30373	600	t	1	8	4	0	11	66	0	76	t
A_CORRECT	2385	Imuri	anilist	51003	544	t	1	8	2	0	26	158	0		t
A_CORRECT	2169	Inari Konkon	anilist	53689	1028	t	1	6	5	72	19	66	0	76	t
A_CORRECT	1925	Inazuma Eleven	anilist	49315	378	t	1	5	3	6	10	155	0	69	t
D_NO_METADATA	2013	Inazuma Eleven Chrono Stone			0	f	2	5	6	10	3	155	0	65	f
A_CORRECT	1875	Inbaku no Wakazuma	anilist	210075	87	t	1	2	2	0	0	9	0		t
A_CORRECT	1745	Inkya na Tsubame wa Kawaritai	anilist	170972	204	t	1	4	4	0	8	150	0	55	t
A_CORRECT	2599	Inu to Kuzu	anilist	135930	547	t	1	7	3	0	11	43	0	68	t
A_CORRECT	1938	Inu x Boku SS	anilist	47207	668	t	1	10	6	37	11	61	0	75	t
A_CORRECT	2387	Invaders of the Rokujouma!?	anilist	85761	549	t	1	9	4	0	50	30	0	75	t
C_GENERIC	2230	Isekai Elf no Dorei-chan	anilist	101958	59	t	2	8	2	2	5	150	0	53	t
A_CORRECT	2266	Isekai no Ochibi-chan wa Kyou mo Nani ka wo Tsukuri Dasu: Skill “Souzou Souzou” de Mezase Nariagari!	anilist	179118	423	t	2	2	2	12	12	102	0	65	t
A_CORRECT	2621	Issho Zutto Watashi no Oshi wa Anata dake Anthology Comic	anilist	209559	402	t	5	3	2	171	5	168	0		t
A_CORRECT	2460	JM	anilist	163827	813	t	1	7	3	0	7	34	0	73	t
A_CORRECT	2432	JUMBO MAX: Hyper ED Yakumitsuzounin	anilist	121379	735	t	1	4	3	0	16	10	0	56	t
A_CORRECT	2206	Jackass!	anilist	31673	318	t	1	4	2	0	7	56	0	66	f
A_CORRECT	1723	Jarinko Chie	anilist	127968	272	t	1	3	3	0	67	787	0		t
A_CORRECT	2618	Jigoro Jigorou	anilist	157509	395	t	1	5	3	0	0	209	0		t
A_CORRECT	2637	Jimoto ni Kaettekitara Osananajimi ga Kowareteta	anilist	150890	413	t	1	7	3	10	10	50	0	72	t
A_CORRECT	2124	Jisatsu Circle	anilist	31702	687	t	2	7	10	12	6	6	0	59	t
A_CORRECT	2097	JoJo Part 1: Phantom Blood	anilist	31517	329	t	1	8	6	522	64	596	0	70	f
A_CORRECT	493	JoJo's Bizarre Adventure Part 1 - Phantom Blood	anilist	31517	329	t	1	8	6	474	51	473	0	70	f
A_CORRECT	4044	JoJo's Bizarre Adventure Part 1: Phantom Blood	anilist	31517	329	t	1	8	6	520	50	472	0	70	t
A_CORRECT	494	JoJo's Bizarre Adventure Part 2 - Battle Tendency	anilist	31630	301	t	1	9	6	88	21	81	0	78	f
A_CORRECT	495	JoJo's Bizarre Adventure Part 3 - Stardust Crusaders	anilist	30872	547	t	1	10	10	173	18	152	0	78	f
A_CORRECT	496	JoJo's Bizarre Adventure Part 4 - Diamond Is Unbreakable	anilist	33006	388	t	1	9	7	192	21	174	0	84	f
A_CORRECT	497	JoJo's Bizarre Adventure Part 5 - Vento Aureo	anilist	33008	423	t	1	8	9	606	40	595	0	80	f
A_CORRECT	498	JoJo's Bizarre Adventure Part 6 - Stone Ocean	anilist	33009	471	t	1	8	6	647	54	753	0	82	f
A_CORRECT	499	JoJo's Bizarre Adventure Part 7 - Steel Ball Run	anilist	31706	443	t	1	10	7	596	53	597	0	92	f
A_CORRECT	500	JoJo's Bizarre Adventure Part 8 - JoJolion	anilist	55515	819	t	1	11	5	645	52	594	0	84	f
A_CORRECT	4834	JoJo's Bizarre Adventure: Part 7–Steel Ball Run	anilist	31706	443	t	1	10	7	521	51	475	0	92	t
A_CORRECT	4635	Jujutsu Kaisen	anilist	101517	690	t	1	9	17	317	31	281	0	80	t
D_STUB	502	Jujutsu Kaisen (Official Colored)			690	t	1	3	0	277	31	276	4		f
A_CORRECT	503	Jujutsu Kaisen 0	anilist	105469	454	t	1	9	18	278	4	281	0	80	t
C_GENERIC	2189	Junjou Sentai Virginias	anilist	112691	74	t	1	5	2	2	8	248	0	64	t
C_NO_SUMMARY	1858	Juusei to Romance	anilist	210586	0	t	1	9	3	1	1	9	0	84	t
A_CORRECT	504	Kagurabachi	anilist	169355	540	t	1	6	6	127	12	117	54	78	t
A_CORRECT	2647	Kaguya-sama	anilist	86635	757	t	1	6	13	160	29	315	0	87	f
A_CORRECT	4653	Kaguya-sama: Love is War	anilist	86635	757	t	1	8	13	164	29	315	0	87	t
A_CORRECT	505	Kaiju No.8	anilist	120760	358	t	1	6	10	146	19	130	0	75	t
C_GENERIC	2409	Kami no Techigai de Ikemen ni Kyuuaisaremashita!	anilist	209565	40	t	1	3	2	3	3	11	0		t
A_CORRECT	2548	Kanojo ni Shitai Joshi Ichii, no Tonari de Mitsuketa Amari-chan	anilist	187046	580	t	2	4	3	16	13	85	0	62	t
A_CORRECT	2048	Kanojo to Kare no Kankei: Heibon na Hayakawa-san to Heibon na Miura-kun no Hibon na Kankei	anilist	153147	367	t	2	4	4	4	13	93	0	70	t
A_CORRECT	1990	Karate Shoukoushi Kohinata Minoru	anilist	37075	552	t	1	7	3	4	50	500	0	72	t
A_MATCHED_SPARSE	4035	Kare to Kanojo no Business Plan: "Tomodachi" no Urikata, Oshiemasu.	anilist	164862	144	t	1	6	2	0	0	0	0	62	t
A_CORRECT	2433	Kecchin	anilist	57763	887	t	1	5	2	0	0	150	0		t
A_CORRECT	1940	Kento Ankokuden Cestvs	anilist	47233	189	t	1	8	3	0	15	154	0	68	t
A_CORRECT	2458	Kiichi!!	anilist	33064	364	t	1	6	4	1	10	87	0	80	t
A_CORRECT	2296	Kimi ni Todoke	anilist	33378	577	t	1	6	8	7	38	127	0	82	t
A_CORRECT	2448	Kindaichi 37-sai no Jikenbo	anilist	102922	643	t	1	6	7	0	145	132	0	58	t
A_CORRECT	3717	Kindaichi Case Files	anilist	30393	317	t	2	8	5	23	254	219	0	76	f
A_CORRECT	2323	Kingdom	anilist	46765	408	t	1	5	3	498	79	880	0	89	t
A_CORRECT	2038	Kingdom Hearts Manga	anilist	30396	747	t	2	7	7	114	10	107	0	69	f
A_CORRECT	4353	Kiss Me if You Can	anilist	176965	853	t	1	6	8	4	4	7	0	75	f
A_CORRECT	2431	Kisses x Kiss x Kisses	anilist	39825	574	t	1	1	4	116	65	166	0		f
A_CORRECT	1743	Kitanai Kimi ga Ichiban Kawaii	anilist	110396	277	t	1	6	5	0	5	31	0	71	t
A_CORRECT	4444	Kodocha: Sana's Stage	anilist	30018	537	t	1	6	7	53	11	59	0	80	t
C_GENERIC	2326	Koibun Fubuki	anilist	209871	33	t	1	3	2	0	0	1	0	72	t
A_CORRECT	1729	Kono Monogatari ni wa Kankei ga Nai	anilist	162215	94	t	1	2	3	4	3	1	0	62	t
A_CORRECT	1493	Konosuba	anilist	105759	138	t	2	8	5	22	23	113	0	57	f
A_CORRECT	2367	Kore wa Keihi de Ochimasen!: Keiribu no Morikawa-san	anilist	119377	139	t	2	4	3	0	1	14	0		t
A_CORRECT	1916	Koucha Ouji	anilist	34845	683	t	1	6	4	0	1	177	0	72	t
C_NO_SUMMARY	2520	Kouhai-chan to Eroi Koto Suru Hon	anilist	210545	0	t	1	2	2	0	0	1	0		t
C_GENERIC	1974	Kudryavka no Junban	anilist	144312	47	t	1	9	7	13	14	6	0	73	t
A_CORRECT	3725	LILI-MEN	anilist	154350	476	t	1	8	4	7	7	63	0	57	t
C_NO_SUMMARY	2534	Last Montage	anilist	210378	0	t	1	4	2	28	12	108	0		t
A_CORRECT	1986	Let's Do It Already!	anilist	120768	717	t	1	4	6	0	9	54	0	73	t
C_NO_SUMMARY	3756	Lily Koku Kishidan to Cinderella no Yumine: Kibou wo Musubu Misaki	anilist	210004	0	t	1	5	2	0	0	8	0		t
A_CORRECT	2228	Little Butterfly	anilist	30284	546	t	1	6	6	0	3	19	0	73	t
A_CORRECT	2308	Lone Wolf and Cub	anilist	30904	461	t	1	8	7	23	28	142	0	85	t
A_CORRECT	2470	Longing to Be With Him	anilist	210275	335	t	1	4	3	0	4	36	0		t
A_CORRECT	1740	Lost Universe	anilist	41280	558	t	1	6	2	5	8	20	0	57	t
A_CORRECT	2153	Love Ache Holic	anilist	210494	160	t	1	3	2	138	50	86	0		t
A_CORRECT	4837	Love Hina	anilist	30016	559	t	1	7	4	14	15	125	0	73	t
A_CORRECT	2561	Love in Hell	anilist	60977	500	t	1	6	3	4	3	18	0	65	t
A_CORRECT	4450	Lovelyn Monroe	anilist	175544	265	t	1	7	4	1	1	164	0	62	t
A_CORRECT	4028	Luent Genjuu Trimmer	anilist	187646	300	t	1	3	5	5	2	13	0		t
A_CORRECT	2555	Lunar Legend Tsukihime	anilist	30705	978	t	3	10	6	0	12	75	0	79	t
A_CORRECT	2604	Magi	anilist	44790	511	t	1	8	8	22	38	369	0	81	t
A_CORRECT	2459	Magic Kaito	anilist	31804	334	t	1	7	3	4	67	603	0	74	t
A_CORRECT	1712	Magical Project S	anilist	147360	412	t	1	7	5	0	2	18	0		f
A_CORRECT	4840	Magus of the Library	anilist	101131	682	t	1	9	8	9	11	78	0	83	t
A_CORRECT	4050	Mahou Shoujo Neko X	anilist	32573	967	t	1	10	4	3	3	11	0	44	t
A_CORRECT	2315	Mai Otome Zwei	anilist	55144	907	t	2	12	5	0	1	6	0		f
A_CORRECT	4343	Maid Dragon Elma OL	anilist	100756	563	t	2	6	3	18	11	91	0	68	f
C_NO_SUMMARY	2518	Majin Koushaku to no Himitsu no Keiyaku: Densetsu no Dai Akujo no Umarekawari desu ga, Majin ni Dekiai Sareteimasu	anilist	210328	0	t	1	3	2	0	0	0	0	61	t
A_CORRECT	3716	Maken-Ki!	anilist	37186	964	t	1	9	2	2	25	157	0	64	t
A_CORRECT	2243	Maou Toubatsu Shita Ato, Medachitakunai node Guild Master ni Natta	anilist	110745	867	t	2	10	4	87	11	91	0	60	t
A_CORRECT	1489	March Comes in Like a Lion	anilist	31224	745	t	1	7	12	0	18	128	0	87	t
A_CORRECT	2074	Marry Me!	anilist	97882	496	t	1	5	4	0	11	100	0	74	t
A_CORRECT	3728	Marvelous Melmo	anilist	39275	512	t	1	5	4	14	14	19	0	56	t
A_CORRECT	1488	Mashle	anilist	114960	537	t	1	5	8	186	19	164	0	75	t
A_CORRECT	4352	Master Keaton	anilist	67289	236	t	1	5	2	21	18	144	0	61	f
A_CORRECT	4831	Master of Sea	anilist	41698	517	t	1	5	6	23	15	149	0	62	t
A_CORRECT	4438	Matarou ga Kuru!!	anilist	148152	534	t	1	4	3	1	1	172	0		t
A_CORRECT	2379	Mattan Shougun no Mare Naru Hanayome: Botsuraku shita Himegimi to no Shiawase na Seiryaku Kekkon	anilist	209527	394	t	2	5	2	0	0	7	0		t
A_CORRECT	2524	Meitantei Conan: Keisatsu Gakkou-hen - Wild Police Story	anilist	112094	120	t	2	6	3	0	10	13	0	72	t
A_CORRECT	1756	Meriba Darake no Otome Game de Oshi wo Shiawase ni Shiyou to Shitara, Shuuchakusarete Kindan no Kankei ni Ochimashita	anilist	209618	882	t	2	4	2	0	7	36	0		t
A_CORRECT	1752	Message to Adolf	anilist	31695	525	t	1	9	12	0	5	36	0	80	t
A_CORRECT	1871	Miki-san, Daisuki desu!	anilist	118993	393	t	1	4	7	0	42	29	0	68	t
A_CORRECT	2274	Minami no Teiou	anilist	67729	493	t	1	6	3	0	188	1691	0		t
A_CORRECT	4449	Mirai Nikki	anilist	30584	340	t	1	10	6	11	13	67	0	69	t
A_CORRECT	2088	Missions of Love	anilist	43463	329	t	1	7	8	0	19	83	0	67	t
A_CORRECT	1708	Mizutama Honey Boy	anilist	86782	435	t	1	5	4	43	10	53	0	76	t
A_CORRECT	4826	Mob Psycho 100	anilist	85189	790	t	1	9	8	124	17	115	0	85	t
A_CORRECT	4639	Monster	anilist	30001	767	t	1	8	4	18	18	162	0	90	t
A_CORRECT	2471	Monster Hunter Episode	anilist	65021	218	t	1	3	2	414	38	410	0	53	t
A_CORRECT	1738	Monster Hunter Flash Hunter	anilist	69961	573	t	1	4	3	9	11	80	0	63	f
A_CORRECT	4348	Moriarty the Patriot	anilist	98544	555	t	2	6	9	121	25	111	0	83	t
A_CORRECT	2257	Morita-san wa Mukuchi	anilist	52962	457	t	1	4	6	0	27	339	0	53	t
C_NO_SUMMARY	2091	Mou, Shimasen Kara.	anilist	46107	0	t	1	2	2	0	0	360	0		t
C_GENERIC	2413	Mousou Elektel	anilist	66523	52	t	1	7	4	10	11	26	0	67	f
A_CORRECT	2049	Mr Mini Mart	anilist	56324	638	t	1	5	8	0	1	6	0	73	t
C_NO_SUMMARY	1943	Mujikaku Tashira na Osananajimi to wa Ryouomoi Ja Owarenai	anilist	210401	0	t	1	6	2	0	0	1	0	61	t
C_NO_SUMMARY	2353	Muramura Hatsujo Bitch	anilist	210604	0	t	1	5	2	1	1	8	0	62	t
C_NO_SUMMARY	2280	Musuko no Okagede, Sex ga Daisuki ni Naremashita.	anilist	210093	0	t	1	5	2	0	0	0	0	61	t
A_CORRECT	3711	Muv-Luv Alternative	anilist	47365	542	t	2	10	5	2	17	101	0	74	t
A_CORRECT	2588	My Boy	anilist	98858	391	t	1	6	4	7	9	43	0	76	t
A_CORRECT	2244	My Favorite VTuber is Scary IRL	anilist	166929	799	t	1	4	6	0	4	23	0	66	t
A_CORRECT	2445	My Girl	anilist	36164	318	t	1	4	5	0	5	44	0	82	t
A_CORRECT	4817	My Hero Academia	anilist	85486	662	t	1	9	19	499	42	434	0	78	t
A_CORRECT	2184	My Isekai Life: I Gained a Second Character Class and Became the Strongest Sage in the World!	anilist	106144	883	t	2	5	9	0	7	54	0	66	t
A_CORRECT	2583	My Seat Partner Kobayashi	anilist	87194	482	t	1	3	3	1	2	207	0	53	t
A_CORRECT	2582	My Sweet Boss	anilist	103907	575	t	1	4	4	4	2	18	0	71	f
A_CORRECT	2375	My Sweet Girl	anilist	98446	682	t	1	7	4	0	13	52	0	76	t
A_CORRECT	2207	MÄR	anilist	30134	944	t	1	6	9	22	19	161	0	70	t
A_CORRECT	2252	NARUTO Shinden Series (2015)	anilist	87232	1478	t	2	6	10	26	72	703	0	81	t
A_CORRECT	4662	Nana	anilist	30028	916	t	1	8	5	105	22	85	0	88	t
A_CORRECT	2576	Nante Nasakenai Bokurada.	anilist	119620	161	t	1	4	4	1	1	1	0	72	t
A_CORRECT	4645	Naruto	anilist	30011	579	t	1	7	8	98	73	713	700	79	t
A_CORRECT	2552	Naruto: Sasuke's Story—The Uchiha and the Heavenly Stardust: The Manga	anilist	142845	699	t	3	6	4	456	72	703	0	67	t
A_CORRECT	1914	Natsu to Jun	anilist	107095	148	t	1	6	3	0	1	1	0	73	t
A_CORRECT	2352	Nausicaa	anilist	30651	454	t	1	6	12	0	8	59	0	85	f
A_CORRECT	4660	Nausicaä of the Valley of the Wind	anilist	30651	454	t	1	6	12	9	9	97	0	85	t
A_CORRECT	2016	Negative-kun to Positive-kun	anilist	55109	310	t	1	5	3	163	46	354	0	73	t
A_CORRECT	508	Neon Genesis Evangelion	anilist	30698	304	t	1	10	9	22	19	143	108	84	t
A_CORRECT	1772	Neon Sign Amber	anilist	87091	299	t	1	3	5	6	11	32	0	74	t
A_CORRECT	2415	Netoge no Yome ga Ninki Idol Datta: Cool kei no Kanojo wa Genjitsu demo Yome no Tsumori de Iru	anilist	157890	363	t	2	5	3	13	13	117	0	62	t
A_CORRECT	1951	Nijitte Monogatari	anilist	112385	598	t	1	8	2	3	110	1254	0	62	t
A_CORRECT	2485	Nisemonogatari: Fake Tale	anilist	143703	722	t	1	4	6	1	25	35	0	80	t
A_CORRECT	2210	No. 6	anilist	54308	575	t	1	6	6	21	11	40	0	79	t
A_CORRECT	1813	Nobunaga no Chef	anilist	79293	359	t	1	6	7	1	37	310	0	74	t
A_CORRECT	1767	Nosatsu Junkie	anilist	30164	350	t	1	5	5	0	16	96	0	75	t
C_GENERIC	2354	Nurebana Swapping	anilist	210076	45	t	1	4	2	2	2	1	0		t
C_NO_SUMMARY	2452	Oboreru Ice Blue	anilist	210285	0	t	1	4	3	219	77	9	0		t
A_CORRECT	1885	Off Stage Love Side	anilist	172731	515	t	1	4	4	0	2	6	0	75	t
A_CORRECT	1993	Ogenki Clinic	anilist	37470	709	t	1	9	4	0	9	135	0		t
A_CORRECT	2549	Oh, Those Hanazono Twins	anilist	121766	650	t	1	7	6	0	7	73	0	67	t
A_CORRECT	2183	Ohana Holoholo	anilist	54801	393	t	1	5	6	0	6	42	0	78	t
A_CORRECT	1861	Ohayou toka Oyasumi toka	anilist	101590	503	t	1	4	2	10	13	147	0	73	t
A_CORRECT	2254	Okaa-san Boukensha, Login Bonus de Skill [Shufu] ni Mezamemashita. Shuuichi Moraeru Chirashi de Boukensha Seikatsu Ganbarimasu!	anilist	204008	449	t	2	5	2	15	15	19	0		t
A_CORRECT	1689	Olé! Romance	anilist	210597	124	t	1	0	2	0	0	4	0	69	t
A_CORRECT	2519	Omae to Issho ni Sun na Otaku Douzoku Ken wo Anthology Comic	anilist	209868	349	t	5	6	3	5	5	27	0		t
A_CORRECT	4649	One Piece	anilist	30013	530	t	1	6	9	1265	115	2031	0	91	t
D_STUB	510	One Piece - Digital Colored			530	t	1	3	0	298	115	2031	99		f
A_CORRECT	1501	One Punch Man	anilist	74347	601	t	1	7	10	282	36	249	0	85	t
A_CORRECT	4651	One-Punch Man	anilist	74347	601	t	1	7	10	282	37	249	0	85	t
A_CORRECT	4345	One-Week Family	anilist	146067	573	t	1	4	5	8	9	8	0	75	t
A_CORRECT	2278	Onegai, Nugashite.	anilist	113349	141	t	1	7	3	0	16	183	0	53	t
A_CORRECT	4829	Onii-chan no Dakimakura	anilist	187973	867	t	1	6	3	1	16	9	0	64	f
A_CORRECT	4445	Ore ni Trauma wo Ataeta Joshitachi ga Chirachira Mite Kuru kedo, Zannen desu ga Teokure desu	anilist	165241	420	t	2	7	3	1	8	78	0	59	t
C_GENERIC	2225	Ore no Seishun wo Kaeshite Kure!	anilist	209564	40	t	1	2	2	0	0	8	0		t
A_CORRECT	1490	Oshi no Ko	anilist	117195	597	t	1	8	15	183	17	173	0	78	f
A_CORRECT	1727	Osoraku Kanojo wa Ore no Aniki wo Neratteru	anilist	191203	428	t	1	5	2	0	59	9	0	76	t
C_NO_SUMMARY	2085	Otoko no Ko JK Gal wa Jitsu wa Onii-chan ga Daaisuki: Cheer Cos-hen	anilist	210067	0	t	1	4	2	0	0	1	0	65	t
A_CORRECT	2262	Otokonoko HEAVEN'S DOOR	anilist	134399	11489	t	20	8	43	0	1	160	0		t
A_CORRECT	1781	Our Colors	anilist	104840	1217	t	1	3	9	0	3	21	0	64	t
A_CORRECT	2198	Our Not-So-Lonely Planet Travel Guide	anilist	115348	681	t	1	4	6	0	0	59	0	78	t
A_CORRECT	2162	Outaishihi Padma no Tensei Iryou "Senjou no Tenshi" wa Kyuukoku no Yume wo Miru	anilist	199567	665	t	2	4	3	26	22	110	0		t
A_CORRECT	1828	Owarimonogatari: End Tale	anilist	143747	3053	t	1	11	10	1	31	117	0	87	t
A_CORRECT	2420	PSYЯEN	anilist	33438	422	t	1	8	5	148	16	218	0	75	t
A_CORRECT	2476	PTSD Radio	anilist	85401	305	t	1	5	4	0	6	64	0	68	t
A_CORRECT	4346	Paji: Momo-chan's grandfather "Paji"	anilist	55881	230	t	1	2	2	1	1	258	0	62	t
C_NO_SUMMARY	2071	Pas de deux	anilist	148703	0	t	1	3	2	3	3	1	0		f
A_CORRECT	2171	Persona 5 Manga	anilist	98652	895	t	1	6	4	37	17	105	0	73	f
A_CORRECT	2196	Persona 5: Mementos Mission	anilist	106888	387	t	2	5	3	0	3	23	0	78	t
A_CORRECT	1643	Pet Shop of Horrors Tokyo	anilist	30462	233	t	1	8	4	9	17	50	0	71	f
A_CORRECT	2377	Phantom Busters	anilist	168984	359	t	1	6	4	32	7	30	0	80	t
A_CORRECT	2402	Phantom Seer	anilist	122823	375	t	1	6	4	34	4	35	0	66	t
A_CORRECT	2287	Piacevole	anilist	98321	238	t	1	2	7	0	0	153	0		t
A_CORRECT	2346	Planetes	anilist	30481	568	t	1	6	7	0	4	29	0	80	t
A_CORRECT	1873	Pokemon Mystery Dungeon Ginji	anilist	31693	273	t	1	4	6	0	1	6	0	62	f
A_CORRECT	2426	Pokémon Adventures: Gold, Silver & Crystal	anilist	121054	716	t	1	7	3	0	64	90	0	77	t
C_GENERIC	1889	Praise the Orc!	anilist	33394	48	t	1	10	3	2	3	17	0	70	f
A_CORRECT	2068	Prepared for Love by His Sweet Caress	anilist	210322	748	t	1	2	3	0	1	9	0		t
A_CORRECT	2302	Pretty Cure Smile	anilist	71121	1119	t	2	6	7	2	4	12	0		f
A_CORRECT	2457	Pretty Face	anilist	30048	654	t	1	9	5	0	6	53	0	69	t
A_CORRECT	2062	Pripara	anilist	150497	356	t	2	8	4	0	5	29	0		t
A_CORRECT	4452	Psycho Logical	anilist	143840	661	t	1	5	7	1	1	11	0	80	t
A_CORRECT	2421	Puella Magi Madoka Magica	anilist	54457	615	t	2	8	8	0	6	29	0	78	t
D_NO_METADATA	3707	Puni Puni Poemi			0	f	1	2	2	2	1	9	0		f
A_CORRECT	2495	Q and A	anilist	44008	322	t	1	8	3	0	6	35	0	63	t
A_CORRECT	2400	Qualia the Purple	anilist	81493	751	t	2	10	5	0	3	21	0	75	t
A_CORRECT	2591	Radiation House	anilist	101420	462	t	1	6	4	0	20	10	0	73	t
A_CORRECT	4036	Ragna Crimson	anilist	99065	246	t	1	7	7	75	17	76	0	74	t
A_CORRECT	2408	Rainbow Days	anilist	69291	1096	t	1	6	8	89	17	82	0	77	t
A_CORRECT	1660	ReRe Hello	anilist	79537	173	t	1	4	2	1	46	51	0	74	t
A_CORRECT	4832	Rebuild World	anilist	111212	924	t	2	7	5	6	30	62	0	77	t
A_CORRECT	1496	Record of Ragnarok	anilist	107098	419	t	2	6	8	134	17	117	0	77	t
A_CORRECT	2410	Red River	anilist	30079	650	t	1	5	9	0	28	99	0	76	t
A_CORRECT	2419	Reincarnated as the 7th Prince	anilist	123265	328	t	1	6	4	15	38	187	0	60	f
A_CORRECT	4048	Remina	anilist	33992	589	t	1	5	11	2	1	8	0	69	t
C_GENERIC	2598	Renjou Marigold	anilist	210108	51	t	1	4	2	0	0	1	0		t
A_CORRECT	1492	Rent-a-Girlfriend	anilist	99943	654	t	1	8	11	442	46	438	0	58	t
A_CORRECT	4039	Rikudou	anilist	85475	568	t	1	7	5	240	101	241	0	77	t
A_CORRECT	2374	Rough	anilist	31184	687	t	1	7	3	0	12	119	0	77	t
A_CORRECT	2319	Rozi in the Labyrinth	anilist	120827	470	t	1	4	4	4	3	9	0		t
A_CORRECT	4814	Rurouni Kenshin	anilist	30022	755	t	1	10	12	31	29	282	0	82	t
A_CORRECT	2475	Ryuu: Ron	anilist	73145	355	t	1	8	3	1	42	369	0		t
A_CORRECT	1809	SIDOOH	anilist	30416	403	t	1	6	2	0	25	266	0	75	t
A_CORRECT	2362	SUPER HXEROS	anilist	99323	913	t	1	8	5	8	12	63	0	62	t
A_CORRECT	3732	Sabori nara Hokenshitsu de Douzo?	anilist	175415	456	t	1	4	3	14	14	20	0	66	t
A_CORRECT	2307	Saint Seiya The Lost Canvas	anilist	31047	336	t	1	6	6	0	104	318	0	79	f
A_CORRECT	2560	Sakura Trick	anilist	82257	308	t	1	6	2	0	14	84	0	73	t
A_CORRECT	2566	Sangokushi	anilist	33483	412	t	1	5	5	6	60	439	0	72	t
A_CORRECT	1791	Saotome-Senshu, Hitakakusu	anilist	99851	426	t	1	8	4	43	10	124	0	73	t
A_CORRECT	2279	Sayonara Baby	anilist	210487	90	t	1	3	2	0	1	7	0	67	t
A_CORRECT	1968	Science Fell in Love, So I Tried to Prove It	anilist	87377	382	t	1	7	9	1	20	10	0	69	t
A_CORRECT	1673	Sechuu no Hana wa, Gunshin wo Itsuwaru	anilist	188460	541	t	2	5	3	6	2	15	0		t
A_CORRECT	2638	Seitokai Yakuindomo	anilist	44110	483	t	1	8	3	0	22	655	0	76	t
A_CORRECT	2407	Senjou no Valkyria	anilist	62247	369	t	2	6	5	3	3	20	0		f
C_NO_SUMMARY	2341	Sex Juice	anilist	210605	0	t	1	2	2	6	6	12	0		t
A_CORRECT	2337	Shaman King: Flowers	anilist	46572	325	t	1	6	3	6	6	300	0	65	t
A_CORRECT	2635	She Professed Herself Pupil of the Wise Man	anilist	97529	513	t	2	6	4	0	43	60	0	69	t
A_CORRECT	4433	She and Her Cat	anilist	96791	381	t	2	4	9	2	3	5	0	73	t
A_CORRECT	2482	Shin Getter Robo	anilist	38571	499	t	2	6	3	10	5	10	0	77	t
A_CORRECT	2595	Shin Taketori Monogatari: 1000-nen Joou	anilist	112189	518	t	1	4	4	0	5	1000	0	49	t
A_CORRECT	2363	Shin no Jitsuryoku wa Girigiri Made Kakushite Iyou to Omou	anilist	125704	563	t	2	7	3	25	7	67	0	68	t
A_MATCHED_SPARSE	2200	Shinai Kouka Miya no Ori	anilist	210175	852	t	2	6	2	0	0	0	0	64	t
A_CORRECT	1989	Shinka no Mi: Shiranai Uchi ni Kachigumi Jinsei	anilist	102150	1192	t	2	7	3	0	27	41	0	61	t
A_CORRECT	2304	Shinobumonogatari	anilist	100355	483	t	1	6	4	10	9	50	0	81	t
A_CORRECT	2601	Shinryaku! Ika Musume	anilist	42671	472	t	1	5	4	0	22	436	0	76	t
A_CORRECT	2526	Shirley	anilist	31440	1212	t	1	4	6	0	2	10	0	74	t
A_CORRECT	2168	Shirley: Watashi wo Mamoru Kimi wo, Mamoritai Kara	anilist	115615	218	t	1	6	3	0	1	138	0		t
A_CORRECT	2261	Shizukanaru Don	anilist	51308	217	t	1	5	6	0	1	1175	0		t
A_CORRECT	2636	Shuna's Journey	anilist	33274	700	t	1	6	9	0	1	6	0	73	t
A_CORRECT	2329	Shuukatsu Shippai shita Succubus-san wo Hiroimashita	anilist	116572	458	t	1	7	3	0	28	10	0	66	t
A_CORRECT	2335	Sister and Giant: A Young Lady Is Reborn in Another World	anilist	148499	495	t	1	6	6	414	7	409	0	74	t
A_CORRECT	4661	Slam Dunk	anilist	30051	431	t	1	6	7	247	32	287	0	90	t
A_CORRECT	2339	Slow Start	anilist	95161	289	t	1	4	2	0	14	131	0	69	t
A_CORRECT	2142	Slow Step	anilist	31203	358	t	1	6	2	0	7	55	0	60	t
A_CORRECT	2131	Smashed	anilist	145268	3655	t	1	6	20	0	1	119	0	80	t
A_CORRECT	2550	Smoking Behind the Supermarket with You	anilist	147149	676	t	1	4	15	0	6	28	0	80	t
A_CORRECT	2290	Smoky Nectar Renew	anilist	153899	612	t	1	5	3	0	2	7	0	73	t
A_CORRECT	4030	Solo Camping for Two	anilist	110853	576	t	1	7	4	7	8	54	0	66	t
A_CORRECT	2655	Sono Monban, Saikyou Nitsuki: Tsuihou Sareta Bougyo Ryoku 9999 no Senshi, Outo no Monban Toshite Musou suru	anilist	131838	681	t	2	7	4	1	8	74	0	59	t
C_NO_SUMMARY	1852	Sore wa, Honno Sasai na Koto de.	anilist	210358	0	t	1	4	3	20	1	1	0	63	t
A_CORRECT	2365	Soredemo Sekai wa Utsukushii	anilist	71847	744	t	1	6	5	0	25	150	0	75	t
A_CORRECT	1899	Souboutei Kowasubeshi	anilist	96930	223	t	1	7	5	5	25	250	0	78	t
A_CORRECT	4655	Soul Eater	anilist	30908	982	t	1	9	3	29	26	122	0	80	t
A_CORRECT	4823	Soul Eater NOT!	anilist	53661	606	t	1	7	3	124	8	121	0	61	t
A_CORRECT	4842	Space Brothers	anilist	44483	708	t	1	6	8	45	46	367	0	86	t
A_CORRECT	2477	Spiral: Bonds of Reasoning	anilist	30534	648	t	1	7	3	0	15	77	0	73	t
A_CORRECT	4813	Spy × Family	anilist	108556	592	t	1	8	10	157	18	135	0	83	f
A_CORRECT	4443	Starting on Hard Mode: God Levels, Got Problems	anilist	208100	640	t	2	8	3	1	1	9	0	65	t
A_CORRECT	2603	Steins;Gate Chouyoku no Divergence: Reverse	anilist	69859	265	t	1	5	2	0	2	17	0	79	t
A_CORRECT	2272	Steins;Gate: Mugen Enten no Arc Light	anilist	91995	300	t	1	4	4	3	4	6	0	73	t
A_CORRECT	2281	Stella no Mahou	anilist	92125	102	t	1	4	3	0	10	113	0	57	t
A_CORRECT	2349	Stray Cat & Wolf	anilist	121647	294	t	1	4	5	15	6	17	0	74	t
A_CORRECT	2127	Strike Witches 1937	anilist	53985	526	t	1	6	5	1	2	13	0	56	f
A_CORRECT	511	Suisei no Gargantia	anilist	80169	992	t	1	7	5	6	6	13	13	62	t
A_CORRECT	4835	Summer Time Rendering	anilist	102989	324	t	1	9	10	34	14	141	0	80	t
A_CORRECT	3748	Sun-Ken Rock	anilist	38848	799	t	1	9	5	8	25	189	0	75	t
A_CORRECT	2634	Sundome	anilist	31501	539	t	1	9	3	0	8	76	0	69	t
A_CORRECT	2644	Suppli	anilist	30539	343	t	1	4	5	0	4	57	0	63	t
A_CORRECT	1737	Suspension: Kubitsuri High School – The Nonsense User's Disciple	anilist	143839	468	t	1	6	7	15	99	12	0	74	t
A_MATCHED_SPARSE	2646	Suterare Saijo wa Kazoku to Nonbiri Ikiru Koto ni Shimasu	anilist	202236	774	t	2	4	2	0	0	0	0	64	t
A_CORRECT	2084	Sweat and Soap	anilist	105332	551	t	1	6	7	0	11	112	0	81	t
A_CORRECT	2541	Sweetness and Lightning 2	anilist	86044	567	t	1	3	6	0	12	84	0	79	f
A_CORRECT	3744	THE iDOLM@STER Cinderella Girls: U149	anilist	103849	554	t	1	4	2	2	19	163	0	65	t
A_CORRECT	2309	Tanaka ke, Tensei Suru.	anilist	121443	388	t	2	7	4	0	10	17	0	71	t
A_CORRECT	2152	Tatsuki Fujimoto Before Chainsaw Man: 17-21	anilist	139855	567	t	1	12	6	235	24	232	0	71	t
D_NO_METADATA	2615	Tenchi Muyo GXP			0	f	1	3	1	6	6	54	0		f
A_CORRECT	512	Tengoku Daimakyou	anilist	101942	697	t	1	12	11	22	13	81	72	80	t
A_CORRECT	1661	Tenkuu no Shiro wo Moratta no de Isekai de Tanoshiku Asobitai	anilist	110075	587	t	2	7	4	0	9	51	0	60	t
C_NO_SUMMARY	2268	Tenohira no Tengoku	anilist	209929	0	t	1	5	2	76	12	77	0	65	t
C_NO_SUMMARY	2217	Tensura Trinity	anilist	153096	0	t	1	1	2	197	53	470	0		f
A_CORRECT	2275	The Apothecary Diaries: Maomao's Notes from the Inner Palace	anilist	113322	460	t	2	6	6	0	21	160	0	74	t
A_CORRECT	1713	The Babe at My Back Has Her Eye on Me. I'm Done For.	anilist	171024	787	t	2	5	5	1	6	54	0	68	t
A_CORRECT	4446	The Beloved Incompetent Stepmom	anilist	186644	592	t	2	4	5	1	1	62	0	68	t
A_CORRECT	2574	The Cursed Princess and the Sun Prince: I Will Melt Your Frozen Heart	anilist	209891	777	t	2	4	3	0	2	18	0		t
A_CORRECT	1761	The Demon Girl Next Door	anilist	107462	819	t	1	5	3	14	6	80	0	81	t
A_CORRECT	1991	The Dragon God and His Bride's Red Flower Seal	anilist	175355	521	t	2	5	3	2	1	9	0	62	t
A_CORRECT	2523	The Eternal Fool's Words of Wisdom: A Pawsitively Fantastic Adventure	anilist	101516	980	t	2	9	4	0	11	72	0	66	t
A_CORRECT	2554	The Farthest Love in the World	anilist	140109	388	t	1	4	7	0	1	9	0	76	t
A_CORRECT	3710	The Food Diary of Miss Maid	anilist	114010	428	t	1	4	6	5	5	50	0	74	t
A_CORRECT	1806	The Fox Clan's Bride: The Scent of Destiny	anilist	210273	651	t	1	4	3	0	1	14	0		t
A_CORRECT	4350	The Fragrant Flower Blooms With Dignity	anilist	140475	936	t	1	6	14	220	24	207	0	87	t
A_CORRECT	2429	The Genius Prince's Guide to Raising a Nation Out of Debt	anilist	124374	586	t	2	5	8	0	12	38	0	68	t
A_CORRECT	513	The Girl Who Leapt Through Time	anilist	39256	323	t	1	6	6	1	1	5	0	69	t
A_CORRECT	4046	The Heroines Want Me Dead!	anilist	187296	352	t	2	8	7	4	4	36	0	61	t
A_CORRECT	2120	The Holy Grail of Eris	anilist	113075	552	t	2	5	6	0	10	90	0	75	t
A_CORRECT	1947	The Legendary Hero Is Dead!	anilist	85952	377	t	1	9	5	25	20	202	0	72	t
A_CORRECT	1671	The Level 999 Villager	anilist	99410	750	t	2	8	8	0	28	153	0	65	t
A_CORRECT	2359	The Max Magic Level Great Sage’s Return	anilist	162064	600	t	1	4	6	0	1	9	0	60	t
A_CORRECT	1710	The New Recruit	anilist	151534	527	t	2	11	4	2	1	10	0	59	f
A_CORRECT	2513	The Nude Beach Field Trip!!	anilist	92798	164	t	1	3	8	0	1	9	0	73	t
A_CORRECT	1795	The Persecuted Princess Cherished by the Prudent Dragon Prince	anilist	209573	823	t	2	3	3	0	0	20	0		t
A_CORRECT	1829	The Prince's Beloved Bride: Wet in the Morning, Wild in the Evening	anilist	209613	521	t	1	3	3	0	0	17	0		t
A_CORRECT	2504	The Prince's Black Poison	anilist	95299	191	t	1	4	5	63	11	59	0	61	t
A_CORRECT	4822	The Promised Neverland	anilist	87423	512	t	1	11	13	222	21	187	0	79	t
A_CORRECT	2418	The Ramparts of Ice	anilist	166742	435	t	1	6	5	0	3	117	0	75	t
A_CORRECT	3721	The Rip-Off Izakaya	anilist	121878	322	t	2	2	3	2	2	13	0	53	t
A_CORRECT	2180	The Summer of You	anilist	100052	596	t	1	5	10	0	2	5	0	78	t
A_CORRECT	1846	The Swordsman Dubbed the Sorcerer of Countless Swords	anilist	106777	811	t	2	4	6	0	1	1	0	66	t
A_CORRECT	2608	The Trembling Right Hand	anilist	206011	315	t	1	4	3	0	1	9	0	46	t
A_CORRECT	2569	The Witch and the Beast	anilist	100109	622	t	1	11	5	0	10	57	0	80	t
A_CORRECT	4042	They Are Still Being Shaken This Morning	anilist	172729	470	t	1	4	4	2	4	44	0	79	t
A_CORRECT	3755	This Art Club Has a Problem!	anilist	80331	674	t	1	5	9	7	17	124	0	75	t
A_CORRECT	1498	To Love-Ru	anilist	30671	701	t	1	9	9	8	18	163	0	71	t
A_CORRECT	2043	To Your Eternity	anilist	97830	323	t	1	8	11	181	26	290	0	80	t
A_CORRECT	2202	Tobaku Datenroku Kaiji	anilist	33574	446	t	1	5	5	3	13	133	0	80	t
A_CORRECT	2144	Toilet-bound Hanako-kun	anilist	98842	536	t	1	8	16	155	27	165	0	85	t
A_CORRECT	2406	Toki Doki	anilist	97812	691	t	1	6	3	1	1	1	0	77	t
A_CORRECT	4827	Tokyo Ghoul	anilist	63327	405	t	1	9	11	170	21	198	175	84	t
A_CORRECT	516	Tokyo Ghoul-re	anilist	85611	588	t	1	9	7	176	17	183	0	83	f
A_CORRECT	4816	Tokyo Ghoul:re	anilist	85611	588	t	1	9	7	178	19	183	0	83	t
A_CORRECT	2423	Tokyo Mew Mew a la mode	anilist	30555	671	t	1	7	4	1	7	31	0	59	t
A_CORRECT	517	Tokyo Revengers	anilist	102988	923	t	1	9	12	311	39	288	279	74	t
A_CORRECT	2398	Tonari no Kemono ga Henai Shitagaru	anilist	210385	447	t	2	4	2	32	13	52	0		t
A_CORRECT	1980	Tonari no Super Heroine ♡	anilist	209692	600	t	1	6	2	0	10	1	0		t
C_NO_SUMMARY	1698	Tonton no Soudanyaku no Yoakezeyo	anilist	136999	0	t	2	5	2	0	0	7	0	63	t
A_CORRECT	2570	Toshiue Elite Onna Kishi ga Boku no Mae de dake Kawaii	anilist	113636	685	t	2	8	4	1	21	25	0	65	t
A_CORRECT	2424	Tough 2	anilist	33287	481	t	1	6	2	0	39	426	0	72	f
A_CORRECT	4040	Traditional Job of Washing Girl's Body	anilist	110111	1317	t	1	7	6	18	7	249	0	69	t
A_CORRECT	4447	Trapped in a Dating Sim: The World of Otome Games is Tough for Mobs	anilist	104503	558	t	2	12	6	18	20	204	0	73	t
A_CORRECT	2340	Tsubaki-chou Lonely Planet	anilist	86243	489	t	1	6	5	0	14	85	0	77	t
C_NO_SUMMARY	2300	Tsuma wo Metoraba	anilist	175188	0	t	1	1	2	0	0	206	0	62	t
A_CORRECT	2645	Twilight Out of Focus: Overlap	anilist	138890	737	t	1	6	3	0	1	139	0	75	t
A_CORRECT	2224	Twin Star Exorcists	anilist	85247	638	t	1	8	7	189	41	147	0	77	t
D_NO_METADATA	2199	Twisted Visions			0	f	1	5	4	2	2	9	0	62	f
A_CORRECT	4436	Umarekawattemo Mata, Watashi to Kekkon Shitekuremasu ka	anilist	108251	404	t	1	8	5	1	1	25	0	84	t
C_NO_SUMMARY	1747	Umineko no Nakugoro, Kimi to Minato de	anilist	209687	0	t	1	4	2	0	0	0	0		t
A_CORRECT	2249	Ura Dungeon Oku-san	anilist	191014	383	t	1	6	3	111	14	97	0	54	t
C_NO_SUMMARY	2479	Usagi: Yasei no Touhai	anilist	98195	0	t	1	5	2	7	17	157	0	62	t
A_CORRECT	2581	Usotsuki Fuufu no Ayakashi Konin Jijou: Danna-sama wa Saikyou no Amanojaku!?	anilist	210190	615	t	2	4	2	72	8	72	0		t
C_NO_SUMMARY	1826	Usotsuki na Kimi to Sunao na Shippo	anilist	210584	0	t	1	5	2	7	7	63	0		t
A_CORRECT	2126	Utsubora - The Story of a Novelist	anilist	50096	532	t	1	6	3	0	1	14	0	71	t
C_NO_SUMMARY	2508	VF: Outsider History	anilist	177326	0	t	1	5	2	5	27	239	0	61	t
A_CORRECT	4647	Vagabond	anilist	30656	568	t	2	8	4	153	39	330	0	91	t
A_CORRECT	2650	Vagabond: Saigo no Manga-ten	anilist	135129	489	t	1	5	5	125	37	327	0	88	t
A_CORRECT	1850	Veil no Seijo: Minikui to Gokai sareta Seijo, Ikemen Goei kishi ni Dekiai sareru	anilist	205129	545	t	2	2	4	1	2	47	0		t
A_CORRECT	4037	Versus	anilist	156553	478	t	1	7	3	39	6	33	0	74	t
A_CORRECT	4659	Vinland Saga	anilist	30642	714	t	1	9	8	251	30	261	233	90	t
A_CORRECT	2540	Violet Evergarden Ever After	anilist	115977	709	t	1	6	2	1	1	5	0	76	t
A_CORRECT	1812	Virgin★Mama	anilist	137395	587	t	1	6	2	1	20	202	0		t
C_NO_SUMMARY	2488	Virtual Harem World	anilist	210039	0	t	1	3	2	1	18	7	0		t
C_GENERIC	2256	Wakabayashi Toshiya 4-koma Soushuuhen	anilist	85336	61	t	1	4	3	266	13	264	0	78	t
A_CORRECT	2584	Wandering Witch: The Journey of Elaina	anilist	98741	364	t	1	7	9	32	9	30	0	82	t
A_CORRECT	2077	Warau Kyuuketsuki	anilist	30964	1481	t	1	5	14	0	2	31	0	67	t
A_CORRECT	2219	Waru	anilist	32682	245	t	1	4	3	61	1	60	0		t
A_MATCHED_SPARSE	1718	Watashitachi ga Mita Mono wa	anilist	210339	644	t	1	3	2	0	0	0	0		t
A_CORRECT	1645	Way of the Househusband	anilist	101233	304	t	1	3	19	21	16	141	0	79	f
A_CORRECT	1984	Welcome to the Outcast's Restaurant!	anilist	112273	687	t	2	7	5	0	6	27	0	69	t
A_CORRECT	1894	What I Love About You	anilist	106474	738	t	1	5	7	0	0	147	0	72	t
A_CORRECT	2157	When the Snow Thaws	anilist	98234	608	t	1	4	5	0	4	8	0	73	t
A_CORRECT	2586	White Liar	anilist	163837	586	t	1	4	3	0	0	7	0	73	t
A_CORRECT	2271	Why Does Nobody Remember Me in this World?	anilist	101762	829	t	2	10	4	3	22	66	0	68	t
A_CORRECT	2163	Wingman 2	anilist	33390	428	t	1	7	5	0	13	113	0	65	f
A_CORRECT	4033	Witch Hat Atelier	anilist	98263	929	t	1	7	19	86	17	101	0	87	t
A_CORRECT	2503	Within The Villainess	anilist	148305	329	t	2	6	5	42	15	50	0	83	t
A_CORRECT	2597	Wolf Girl and Black Prince	anilist	58825	803	t	1	5	8	3	17	73	0	70	t
A_CORRECT	4053	World Trigger	anilist	78151	269	t	1	6	4	0	29	261	0	77	t
A_CORRECT	4440	Wounded Man	anilist	33978	781	t	1	9	4	2	2	102	0	49	t
A_MATCHED_SPARSE	4451	Yamikin Ushijima-kun Gaiden: Naniwa Time Leap Aizawa-kun	anilist	210237	141	t	2	6	2	0	0	0	0		t
A_CORRECT	2360	Yandere Dekiai Kakutei Route!? Kouryaku Taishou wa Watashi ja Arimasen...!! Comic Anthology	anilist	209809	295	t	6	5	3	198	22	196	0		t
A_CORRECT	2417	Yandere ka to Omottara Motto Yabe Onna Datta	anilist	172110	293	t	1	3	3	0	2	78	0	68	t
A_CORRECT	2328	Yattaro Jan!!	anilist	137433	105	t	1	4	2	0	0	216	0		t
A_CORRECT	4824	Yotsuba&!	anilist	30104	928	t	1	3	9	16	17	132	0	88	t
A_CORRECT	2651	You Should Be The One To Come Kiss Me	anilist	176965	853	t	1	5	8	40	9	36	0	75	t
A_CORRECT	2531	You Were Experienced, I Was Not: Our Dating Story	anilist	144718	516	t	2	6	6	0	2	9	0	66	t
A_CORRECT	2528	Your Turn to Die: Majority Vote Death Game	anilist	111205	430	t	2	5	7	0	5	36	0	70	t
A_CORRECT	2648	Yu Yu Hakusho 2	anilist	30053	554	t	1	8	11	19	19	179	0	80	f
A_CORRECT	1800	Yu-Gi-Oh! GX	anilist	33041	337	t	2	8	6	0	9	2213	0	68	t
A_CORRECT	4442	ZETMAN	anilist	31534	329	t	1	9	2	56	44	226	0	74	t
A_CORRECT	2118	Zankoku na Kami ga Shihai Suru	anilist	38652	486	t	1	9	6	12	18	91	0	81	t
C_NO_SUMMARY	2652	Zankou Saisatsu	anilist	209943	0	t	1	4	2	0	0	0	0	70	t
A_CORRECT	2325	Zatch Bell 2	anilist	146030	455	t	1	6	5	32	33	324	0	78	f
A_CORRECT	2351	Zenra.zip	anilist	135154	176	t	1	4	3	0	3	170	0		t
A_CORRECT	4056	Zoku Tanetsuke Twins Namahame Aji Kurabe	anilist	209695	284	t	1	2	3	1	1	1	0	59	t
C_GENERIC	4833	kaiko	anilist	209915	49	t	1	3	2	0	0	1	0	68	t
A_CORRECT	2556	prism	anilist	56479	535	t	1	5	2	3	7	10	0	71	t
C_GENERIC	2236	where happiness lives	anilist	149557	79	t	2	3	2	2	4	2	0	73	t
